{"python": {"cython": [0.0002121582000000899, 0.00019239100000003617, 0.001533756800000141, 0.029250811399999854, 0.2192055045000001], "numpy": [0.00043369599999998343, 0.001457234599999957, 0.010640657800000054, 0.1444495794000001, 1.2846689930000001], "pure": [0.00025889939999999, 0.0003406589999999543, 0.001312484600000019, 0.032893873, 0.32237576200000007]}, "c++": {"gcc": {"boost::stable_vector": [7.91664e-05, 0.000203359, 0.00375866, 0.259657, 5.97907], "std::vector": [8.87826e-05, 0.000226143, 0.00124229, 0.0149501, 0.0639441], "boost::list": [6.22216e-05, 0.000223362, 0.00202209, 0.147494, 7.68196], "std::forward_list": [4.51558e-05, 0.00019944, 0.0029434, 0.505463, 29.9258], "boost::slist": [5.3378e-05, 0.000193518, 0.00226216, 0.333778, 15.6207], "std::list": [6.89944e-05, 0.000168663, 0.00200768, 0.128095, 12.8867], "boost::vector": [6.4343e-05, 0.000173497, 0.00125409, 0.0137561, 0.0880429]}, "clang": {"boost::stable_vector": [9.76864e-05, 0.00011082, 0.00238369, 0.219939, 5.29408], "std::vector": [0.000153553, 6.85564e-05, 0.000367913, 0.00567463, 0.129752], "boost::list": [9.5303e-05, 9.61166e-05, 0.000896272, 0.17147, 5.73549], "std::forward_list": [4.56504e-05, 9.47658e-05, 0.0020735, 0.520175, 25.8605], "boost::slist": [4.08304e-05, 8.95728e-05, 0.00172834, 0.162668, 17.9211], "std::list": [0.00011555, 8.297e-05, 0.00104375, 0.134891, 6.23411], "boost::vector": [7.61386e-05, 0.000122219, 0.000416833, 0.00571448, 0.0960877]}}}